#,tier,brand,segment,landing_domain,ads_matching_30d,total_ads_seen,fb_likes,sample_angle,sample_days_running,notes,parker_ad_link,decision_maker,title,email,linkedin,status,date_contacted,follow_up_1,follow_up_2
1,A,Osteva,Menopause: bone/tendon/joint,rejuveen.com,841,3492,4403,Hyper-niche targeting of menopause-specific physiological changes,32,Rejuveen Pte Ltd (SG); aggressive advertorials,https://app.heyparker.ai/dashboard/ad-library?adId=1988900935155370&brandId=faa5587c-4a3c-4348-9839-92758848b61a,,,,,,,,
2,A,Radiancy,Menopause: vaginal dryness/hormones,thebbco.com,832,3736,6611,Medical-grade solution for hormone-related symptoms,91,Page run by The BB Company (thebbco.com); same company as Provitalize,https://app.heyparker.ai/dashboard/ad-library?adId=2305889596819029&brandId=faa5587c-4a3c-4348-9839-92758848b61a,,,,,,,,
3,A,Bloomin,Perimenopause / hormone gummies,trybloomin.com,766,1781,2248,Extreme urgency with a 'tonight only' expiration,92,,https://app.heyparker.ai/dashboard/ad-library?adId=27700693752913809&brandId=faa5587c-4a3c-4348-9839-92758848b61a,,,,,,,,
4,A,Together Through Menopause,Menopause: VSL funnel,tryhalsten.com,443,743,10120,"Identifying a specific, named medical condition for chronic hip pain",133,Page runs Halsten's VSL (tryhalsten.com): same company as Halsten,https://app.heyparker.ai/dashboard/ad-library?adId=1720351342725951&brandId=faa5587c-4a3c-4348-9839-92758848b61a,,,,,,,,
5,A,Trybello,Menopause hair thinning,trybello.com,433,1987,12753,The 'Nature's Minoxidil' Comparison: Positioning the product as a natural but equally effective alternative to pharmaceutical hair growth dr,7,,https://app.heyparker.ai/dashboard/ad-library?adId=1581402836351348&brandId=faa5587c-4a3c-4348-9839-92758848b61a,,,,,,,,
6,A,Rheal,Menopause / cortisol (UK),rhealsuperfoods.com,384,1967,97649,Combatting stress and burnout through cortisol management,36,Founders Charlotte & Sean Ali; CEO Max Greenwood,https://app.heyparker.ai/dashboard/ad-library?adId=1784135909455057&brandId=faa5587c-4a3c-4348-9839-92758848b61a,,,,,,,,
7,A,Alicia Darling,Menopause bloat / gut,mynuora.com,238,1513,29601,Validating the struggle: Diets and typical supplements don't work for menopausal women because the root cause is biological (biofilms and es,223,Creator page running Nuora (mynuora.com),https://app.heyparker.ai/dashboard/ad-library?adId=880104018170915&brandId=faa5587c-4a3c-4348-9839-92758848b61a,,,,,,,,
8,A,Mirai Clinical,Age-related body odour (40+),miraiclinical.com,233,512,10863,"High-value bulk purchase offer (Buy 3, Get 2 Free)",91,,https://app.heyparker.ai/dashboard/ad-library?adId=1530190015449419&brandId=faa5587c-4a3c-4348-9839-92758848b61a,,,,,,,,
9,A,Her Vitality,Menopause: vaginal health,hervitality.co,169,366,1607,Product comparison and selection guide for vaginal health,45,,https://app.heyparker.ai/dashboard/ad-library?adId=926990666551993&brandId=faa5587c-4a3c-4348-9839-92758848b61a,,,,,,,,
10,A,Provitalize Probiotics by BB Company,Menopause: probiotic/weight,thebbco.com,164,221,21939,Scarcity and limited-time offer urgency,11,The BB Company; very high volume,https://app.heyparker.ai/dashboard/ad-library?adId=1463703202355984&brandId=faa5587c-4a3c-4348-9839-92758848b61a,,,,,,,,
11,A,Naydaya,Perimenopause / gut cleanse,naydaya.com,163,1954,13636,Providing relief for chronic intimate irritation and thrush symptoms,122,,https://app.heyparker.ai/dashboard/ad-library?adId=1322785633290361&brandId=faa5587c-4a3c-4348-9839-92758848b61a,,,,,,,,
12,A,WelleCo,Menopause / greens (AU),welleco.com.au,154,988,117417,"Specific, data-backed weight loss outcomes",158,Elle Macpherson co-founded; larger,https://app.heyparker.ai/dashboard/ad-library?adId=1454267339202013&brandId=faa5587c-4a3c-4348-9839-92758848b61a,,,,,,,,
13,A,Halsten,Menopause: joint/hip pain,tryhalsten.com,137,552,1342,Direct pain relief solution for hip issues,214,"Small page, heavy testing",https://app.heyparker.ai/dashboard/ad-library?adId=1872170086772938&brandId=faa5587c-4a3c-4348-9839-92758848b61a,,,,,,,,
14,A,Hygiene Hero,Menopause intimate hygiene,hygiene-hero.com,130,1955,23805,Debunking the 'G-Spot' myth to prioritize clitoral stimulation.,51,,https://app.heyparker.ai/dashboard/ad-library?adId=1538386034763544&brandId=faa5587c-4a3c-4348-9839-92758848b61a,,,,,,,,
15,A,Stripes Beauty,Menopause skincare,stripesbeauty.us,121,432,8028,Celebrity Founder/Endorsement: Naomi Watts personally created this for her own skin needs.,53,Naomi Watts brand; larger,https://app.heyparker.ai/dashboard/ad-library?adId=1626194545789428&brandId=faa5587c-4a3c-4348-9839-92758848b61a,,,,,,,,
16,A,Medicine Mama,Menopause intimate care,medicinemama.com,120,845,14700,Restock announcement leveraging high customer demand (FOMO),154,,https://app.heyparker.ai/dashboard/ad-library?adId=1539567364536307&brandId=faa5587c-4a3c-4348-9839-92758848b61a,,,,,,,,
17,A,Dr. Anna Cabeca,Menopause / vaginal dryness,shopvelve.com,108,604,101663,Expert Advice: Leveraging an OB/GYN to provide credible health recommendations.,123,Doctor-led (Velve),https://app.heyparker.ai/dashboard/ad-library?adId=1338758491772271&brandId=faa5587c-4a3c-4348-9839-92758848b61a,,,,,,,,
18,A,Joylux,Menopause intimate device,joylux.com,96,205,21266,Celebrity vulnerability/authentic testimonial (Halle Berry's personal story),78,Founder & CEO Colette Courtion,https://app.heyparker.ai/dashboard/ad-library?adId=1359972276328289&brandId=faa5587c-4a3c-4348-9839-92758848b61a,,,,,,,,
19,A,Elle Sera,Menopausal (verify product),elle-sera.com,88,1047,7364,Bioavailability: Focuses on how cells actually absorb the product versus general collagen molecules.,77,,https://app.heyparker.ai/dashboard/ad-library?adId=1062905792964882&brandId=faa5587c-4a3c-4348-9839-92758848b61a,,,,,,,,
20,A,Phoilex,Hot flashes,phoilex.com,87,442,274,The 'Nonna-approved' seal of quality and tradition,13,,https://app.heyparker.ai/dashboard/ad-library?adId=1086240790926332&brandId=faa5587c-4a3c-4348-9839-92758848b61a,,,,,,,,
21,A,Elavate,Menopause collagen,elavate.com,83,3407,59821,"Addressing perimenopause-related skin concerns (sagging, lines)",303,,https://app.heyparker.ai/dashboard/ad-library?adId=825125960338489&brandId=faa5587c-4a3c-4348-9839-92758848b61a,,,,,,,,
22,A,Kindra,Menopause vaginal care/hormones,get.ourkindra.com,83,246,9739,Authority/Expert recommendation (Physical Therapist addressing patients),51,,https://app.heyparker.ai/dashboard/ad-library?adId=964480519996428&brandId=faa5587c-4a3c-4348-9839-92758848b61a,,,,,,,,
23,A,Gentle Patches,Hormone patches,consumersfind.com,82,493,3201,Hormonal balance as the solution to weight loss and sleep issues,38,,https://app.heyparker.ai/dashboard/ad-library?adId=1774665913557606&brandId=faa5587c-4a3c-4348-9839-92758848b61a,,,,,,,,
24,A,Epetome,Hormone / synbiotic,epetome.com,78,278,1615,Gut health as a foundation for overall body recovery and health,45,,https://app.heyparker.ai/dashboard/ad-library?adId=1526158309195895&brandId=faa5587c-4a3c-4348-9839-92758848b61a,,,,,,,,
25,A,URO,Vaginal health (O Positiv),opositiv.com,75,1263,35408,Direct solution for vaginal dryness using sensory visual metaphors,24,Part of O Positiv; larger,https://app.heyparker.ai/dashboard/ad-library?adId=5014784595415346&brandId=faa5587c-4a3c-4348-9839-92758848b61a,,,,,,,,
26,A,Lynae,Menopause / lymphatic,lynae.co,74,1610,19756,High-value volume discount (Buy 2 Get 1 Free),205,,https://app.heyparker.ai/dashboard/ad-library?adId=1427668725516777&brandId=faa5587c-4a3c-4348-9839-92758848b61a,,,,,,,,
27,A,Womaness️,Menopause wellness,womaness.com,74,313,22468,Expert endorsement from a board-certified OB-GYN to build trust and authority.,111,CEO Sally Mueller; COO Michelle Jacobs,https://app.heyparker.ai/dashboard/ad-library?adId=1558390525918206&brandId=faa5587c-4a3c-4348-9839-92758848b61a,,,,,,,,
28,A,KilgourMD,Menopause skincare,kilgourmd.com,70,587,3528,"Expert-led authority: Dr. James Kilgour, a Stanford-trained dermatologist, provides medical credibility and explains the science behind the ",163,Has a 'meno quiz' funnel,https://app.heyparker.ai/dashboard/ad-library?adId=1501456414901984&brandId=faa5587c-4a3c-4348-9839-92758848b61a,,,,,,,,
29,A,Menerals,Hormone balance minerals,menerals.com,69,1447,21771,The 'Hidden Deficiency' Angle: Positioning minerals as the secret ingredient missing from existing supplement routines.,115,,https://app.heyparker.ai/dashboard/ad-library?adId=2190354825075109&brandId=faa5587c-4a3c-4348-9839-92758848b61a,,,,,,,,
30,A,Tropeaka,Menopause / creatine for women (AU),tropeaka.com,56,5562,47328,Positioning creatine as a critical supplement for women navigating menopause,59,,https://app.heyparker.ai/dashboard/ad-library?adId=814346041703985&brandId=faa5587c-4a3c-4348-9839-92758848b61a,,,,,,,,
31,A,Obvi,Collagen / menopause,get.myobvi.com,53,1231,66184,Defying medical pessimism regarding weight loss during menopause,44,,https://app.heyparker.ai/dashboard/ad-library?adId=1711028903311507&brandId=faa5587c-4a3c-4348-9839-92758848b61a,,,,,,,,
32,A,Optify,Hormone balance,ampd.to,49,107,441,Overcoming long-term infertility struggles specifically related to PCOS,30,,https://app.heyparker.ai/dashboard/ad-library?adId=1802990240948648&brandId=faa5587c-4a3c-4348-9839-92758848b61a,,,,,,,,
33,A,Dr. Michelle Sands,"Menopause (doctor-led, Glow Natural Wellness)",glownaturalwellness.com,35,118,39417,Redefining strength: Moving beyond physical muscles to internal peace,211,,https://app.heyparker.ai/dashboard/ad-library?adId=2081625445962576&brandId=faa5587c-4a3c-4348-9839-92758848b61a,,,,,,,,
34,A,Happy Aging,Menopause / NAD,happyaging.com,22,2379,3190,Addressing the specific pain point of 'hormonal' weight gain in aging women,7,,https://app.heyparker.ai/dashboard/ad-library?adId=1978736036886435&brandId=faa5587c-4a3c-4348-9839-92758848b61a,,,,,,,,
35,A,Elektra Health,Menopause telehealth/program,elektrahealth.com,16,120,2392,Geographic targeting to build local relevance,42,,https://app.heyparker.ai/dashboard/ad-library?adId=2262877027807712&brandId=faa5587c-4a3c-4348-9839-92758848b61a,,,,,,,,
36,A,Cunnies Gummies,Menopausal intimate gummies,cunniesgummies.com,14,294,5719,Targeting women over 40 for muscle preservation,129,,https://app.heyparker.ai/dashboard/ad-library?adId=1535601471289469&brandId=faa5587c-4a3c-4348-9839-92758848b61a,,,,,,,,
37,A,Graymatter Labs,Perimenopause brain fog,trygraymatter.com,10,3335,13164,Expert medical endorsement of a cognitive supplement,57,,https://app.heyparker.ai/dashboard/ad-library?adId=4509736855974938&brandId=faa5587c-4a3c-4348-9839-92758848b61a,,,,,,,,
38,A,WishGarden Herbs,Perimenopause herbal tonic,wishgardenherbs.com,9,170,31777,Validating the chaos and unpredictability of perimenopause and menopause,158,,https://app.heyparker.ai/dashboard/ad-library?adId=1709979487102442&brandId=faa5587c-4a3c-4348-9839-92758848b61a,,,,,,,,
39,A,Feel Reformed,Perimenopause collagen coffee,feelreformed.com,7,2855,13983,Targeting perimenopausal women struggling with stubborn belly fat,164,,https://app.heyparker.ai/dashboard/ad-library?adId=1438535310933140&brandId=faa5587c-4a3c-4348-9839-92758848b61a,,,,,,,,
40,B,Nectar Calm,Cortisol / calm,drinknectar.co,671,792,4085,Root cause education: linking daily annoyances like 'no morning appetite' to high cortisol.,8,,https://app.heyparker.ai/dashboard/ad-library?adId=1460412642604500&brandId=faa5587c-4a3c-4348-9839-92758848b61a,,,,,,,,
41,B,8hours,Sleep recovery,8-hours.com,465,2195,560,The Ingredient Stack: Explaining the synergy of specific compounds for total sleep optimization.,41,,https://app.heyparker.ai/dashboard/ad-library?adId=1557791349144802&brandId=faa5587c-4a3c-4348-9839-92758848b61a,,,,,,,,
42,B,Bonafide,Menopause relief (Noctera etc.),hellobonafide.com,455,1412,58237,Targeting the 'staying asleep' problem vs generic insomnia,38,Established; Clarion-owned (verify),https://app.heyparker.ai/dashboard/ad-library?adId=1035421335975051&brandId=faa5587c-4a3c-4348-9839-92758848b61a,,,,,,,,
43,B,Hone Health,Women's hormone telehealth,buy.honehealth.com,370,3650,25512,Weaponizing the frustration of medical gaslighting by traditional doctors,22,"Larger, VC-funded",https://app.heyparker.ai/dashboard/ad-library?adId=38432715003042242&brandId=faa5587c-4a3c-4348-9839-92758848b61a,,,,,,,,
44,B,PuraU,Gut fibre (AU),purau.com.au,339,1744,10591,The 'Wet Cement' Metaphor: Comparing psyllium husk to cement to create fear of the wrong fiber.,91,,https://app.heyparker.ai/dashboard/ad-library?adId=1728803511691565&brandId=faa5587c-4a3c-4348-9839-92758848b61a,,,,,,,,
45,B,Serene Herbs - Feel Your Best,Gut / bitters,sereneherbs.com,275,1328,3349,Apology/Confession style hook to build trust and curiosity,41,,https://app.heyparker.ai/dashboard/ad-library?adId=1614547793608146&brandId=faa5587c-4a3c-4348-9839-92758848b61a,,,,,,,,
46,B,Bioma.Health,Gut / menopause weight,bioma.health,274,3532,333706,Reclaiming Youth: Positioned as a way to return to your '20s size' after years of weight gain.,372,Larger; quiz funnel,https://app.heyparker.ai/dashboard/ad-library?adId=779802551522530&brandId=faa5587c-4a3c-4348-9839-92758848b61a,,,,,,,,
47,B,Black Girl Vitamins,Gut / women's vitamins,blackgirlvitamins.co,269,3263,204489,Direct relief from constipation and digestive discomfort,120,Co-founders Maxine & Nnamdi Ugwu,https://app.heyparker.ai/dashboard/ad-library?adId=4443528155916706&brandId=faa5587c-4a3c-4348-9839-92758848b61a,,,,,,,,
48,B,BioRoot Labs,Joint / turmeric,biorootlabs.com,250,3310,20243,Authority/Expert Insight (Former pharmaceutical industry employee revealing 'the truth'),402,Ex-pharma 'truth' video running 400+ days,https://app.heyparker.ai/dashboard/ad-library?adId=765739566172070&brandId=faa5587c-4a3c-4348-9839-92758848b61a,,,,,,,,
49,B,Sleepwhale,Sleep drops,sleepwhale.com,233,268,8386,"Deep, uninterrupted sleep without waking up in the middle of the night",98,,https://app.heyparker.ai/dashboard/ad-library?adId=1004021842518588&brandId=faa5587c-4a3c-4348-9839-92758848b61a,,,,,,,,
50,B,Clevr Blends,Adaptogen lattes,clevrblends.com,224,1078,12050,Functional ingredient transparency for wellness-conscious consumers,28,,https://app.heyparker.ai/dashboard/ad-library?adId=1642238680752861&brandId=faa5587c-4a3c-4348-9839-92758848b61a,,,,,,,,
51,B,Eden & Om,Night sweats: bamboo bedding,edenandom.com,202,3132,10911,Positioning bamboo as the technologically superior successor to traditional cotton,149,,https://app.heyparker.ai/dashboard/ad-library?adId=751845331271915&brandId=faa5587c-4a3c-4348-9839-92758848b61a,,,,,,,,
52,B,Organics Ocean,D3/K2 / multi-benefit,organicsocean.com,196,712,33826,"Holistic health improvement (energy, mood, bones, sleep)",121,,https://app.heyparker.ai/dashboard/ad-library?adId=1308734008067630&brandId=faa5587c-4a3c-4348-9839-92758848b61a,,,,,,,,
53,B,Miracle Brand,Night sweats: bedding,try.miraclebrand.co,193,813,22374,Temperature regulation for improved sleep quality,102,,https://app.heyparker.ai/dashboard/ad-library?adId=1606359060831373&brandId=faa5587c-4a3c-4348-9839-92758848b61a,,,,,,,,
54,B,Spicy Cubes,Gummies (Lunore UK),lunoregummies.co.uk,185,589,1786,Provocative mood enhancement through a 'spicy' adult product,188,,https://app.heyparker.ai/dashboard/ad-library?adId=2143015299794923&brandId=faa5587c-4a3c-4348-9839-92758848b61a,,,,,,,,
55,B,OrthoFit Store,Comfort footwear (40+),theorthofitstore.com,162,2990,16651,Challenging the aesthetic stigma of comfort-focused footwear,41,,https://app.heyparker.ai/dashboard/ad-library?adId=1579672183704295&brandId=faa5587c-4a3c-4348-9839-92758848b61a,,,,,,,,
56,B,BOOMBA,Night sweats / bras,getboomba.com,161,4120,38942,Positioning the product as a mandatory vacation travel essential,39,,https://app.heyparker.ai/dashboard/ad-library?adId=1328496842450814&brandId=faa5587c-4a3c-4348-9839-92758848b61a,,,,,,,,
57,B,Plufl,Sleep system (night sweats angle),weareplufl.com,142,419,5128,Founder's origin story and the 'Amazon alternative' rejection,274,,https://app.heyparker.ai/dashboard/ad-library?adId=891777556636653&brandId=faa5587c-4a3c-4348-9839-92758848b61a,,,,,,,,
58,B,BATCH Co,Sleep/magnesium (UK),go.hellobatch.co,72,606,18874,Specific problem targeting: Solving the '3 AM wakeup' and racing mind,113,,https://app.heyparker.ai/dashboard/ad-library?adId=2019905608629836&brandId=faa5587c-4a3c-4348-9839-92758848b61a,,,,,,,,
59,B,Vagina Coach,Pelvic floor program (Buff Muff),book.buffmuff.com,60,231,127260,The 'Missing Manual' angle: Positioned as the essential guide women were never given but need for basic health.,8,Founder-led coach,https://app.heyparker.ai/dashboard/ad-library?adId=28656529884015291&brandId=faa5587c-4a3c-4348-9839-92758848b61a,,,,,,,,
60,B,Louise Carter,Hot flashes (verify product),louisecarter-official.com,53,5251,42418,Founder/Insider Introduction: Building trust by having a team member present the brand.,134,,https://app.heyparker.ai/dashboard/ad-library?adId=1306634637612857&brandId=faa5587c-4a3c-4348-9839-92758848b61a,,,,,,,,
61,B,InfraHeal,Pain relief device (AU),infrahealau.com,52,466,4764,Professional-grade wellness technology brought into the home environment,44,,https://app.heyparker.ai/dashboard/ad-library?adId=1560535402438183&brandId=faa5587c-4a3c-4348-9839-92758848b61a,,,,,,,,
62,B,Breescape,Night sweats: cooling sheets,breescape.com,48,140,11528,Financial accessibility by using HSA/FSA funds,209,,https://app.heyparker.ai/dashboard/ad-library?adId=910564088359578&brandId=faa5587c-4a3c-4348-9839-92758848b61a,,,,,,,,
63,B,Supergut,Fibre / blood sugar / GLP-1,supergut.com,46,869,13404,Scientific blood sugar management using fiber,79,Founder Marc Washington; reported CEO Tracey Warner Halama,https://app.heyparker.ai/dashboard/ad-library?adId=1015264524651753&brandId=faa5587c-4a3c-4348-9839-92758848b61a,,,,,,,,
64,B,OneSkin,Perimenopause skin (biotech),oneskin.co,43,862,13651,Biological age reversal through cellular-level peptide science,30,VC-funded; larger,https://app.heyparker.ai/dashboard/ad-library?adId=911332081698957&brandId=faa5587c-4a3c-4348-9839-92758848b61a,,,,,,,,
65,B,Mama Bear Oasis,Hot flashes (verify product),mamabearoasis.com,37,1822,28356,Shock-value identification of severe skin inflammation and redness,186,,https://app.heyparker.ai/dashboard/ad-library?adId=3557515594388856&brandId=faa5587c-4a3c-4348-9839-92758848b61a,,,,,,,,
66,B,Just Thrive,Probiotic,justthrivehealth.com,31,178,27255,Superior efficacy and potency compared to standard market probiotics,18,,https://app.heyparker.ai/dashboard/ad-library?adId=1098072639333367&brandId=faa5587c-4a3c-4348-9839-92758848b61a,,,,,,,,
67,B,SONA.help,Cortisol / stress,sona.help,27,56,401,Ultimate portability for stress management,16,,https://app.heyparker.ai/dashboard/ad-library?adId=2271535450092382&brandId=faa5587c-4a3c-4348-9839-92758848b61a,,,,,,,,
68,B,Sunnyside Med,Joint pain (verify),,24,64,69387,"Authentic, relatable lifestyle presentation",45,,https://app.heyparker.ai/dashboard/ad-library?adId=926595710520660&brandId=faa5587c-4a3c-4348-9839-92758848b61a,,,,,,,,
69,B,BOOM Beauty,Makeup for women 50+,boombeauty.com,23,946,373231,Your No Concealer Routine is calling...,73,,https://app.heyparker.ai/dashboard/ad-library?adId=1063086463066568&brandId=faa5587c-4a3c-4348-9839-92758848b61a,,,,,,,,
70,B,DR-HO'S,Pain relief devices,drhonow.com,9,221,28616,Price justification by reframing cost as a health investment,21,,https://app.heyparker.ai/dashboard/ad-library?adId=1068546036057469&brandId=faa5587c-4a3c-4348-9839-92758848b61a,,,,,,,,
71,B,Pureveen,Thyroid / joint,pureveen.com,5,577,432,"Addressing the 'Normal Labs, Still Feeling Sick' frustration",9,,https://app.heyparker.ai/dashboard/ad-library?adId=1571962697466580&brandId=faa5587c-4a3c-4348-9839-92758848b61a,,,,,,,,
72,B,BedJet,Night sweats: bed cooling,bedjet.com,5,1190,45224,Solving menopause-related night sweats and temperature issues,259,Has a /menopause-relief page,https://app.heyparker.ai/dashboard/ad-library?adId=897073262736195&brandId=faa5587c-4a3c-4348-9839-92758848b61a,,,,,,,,
73,C,Happy Mammoth,Hormones / gut,store.happymammoth.com,628,8064,349222,Maximum savings on a limited-time exclusive offer,47,Reported ASA/TGA issues: be careful,https://app.heyparker.ai/dashboard/ad-library?adId=1027621553235894&brandId=faa5587c-4a3c-4348-9839-92758848b61a,,,,,,,,
74,C,Deborah Rustad,Persona page (verify product),,596,1521,1604,Minimalist aesthetic integration in modern home design,32,Anonymous advertiser,https://app.heyparker.ai/dashboard/ad-library?adId=1596181952286395&brandId=faa5587c-4a3c-4348-9839-92758848b61a,,,,,,,,
75,C,Happy Mammoth US,Hormones / gut,store.happymammoth.com,595,6769,29815,Hormonal balance as a path to identity restoration,74,Same company as Happy Mammoth,https://app.heyparker.ai/dashboard/ad-library?adId=1551667575975043&brandId=faa5587c-4a3c-4348-9839-92758848b61a,,,,,,,,
76,C,Happy Mammoth EU,Hormones / gut,eu.happymammoth.com,494,5339,30261,High urgency through limited stock messaging,71,Same company as Happy Mammoth,https://app.heyparker.ai/dashboard/ad-library?adId=1068576138946102&brandId=faa5587c-4a3c-4348-9839-92758848b61a,,,,,,,,
77,C,Senior Health Guide (Senzio),Arthritis advertorial (persona page → senzio.store),senzio.store,213,74,1624,Highlighting the struggle of daily kitchen tasks for seniors,50,Anonymous advertiser,https://app.heyparker.ai/dashboard/ad-library?adId=1707938733762807&brandId=faa5587c-4a3c-4348-9839-92758848b61a,,,,,,,,
78,C,SpoiledChild,Supplements/beauty,spoiledchild.com,178,2915,152104,Establishing a realistic timeline for results (1-3 months),134,Larger,https://app.heyparker.ai/dashboard/ad-library?adId=2210421726434956&brandId=faa5587c-4a3c-4348-9839-92758848b61a,,,,,,,,
79,C,Harriet Whitcombe Wellness Tips (NuraCalm),Calm/knee (persona page → NuraCalm),try.nuracalm.com,170,184,53,Contrarian medical advice that challenges the status quo of physical therapy,36,Anonymous advertiser,https://app.heyparker.ai/dashboard/ad-library?adId=4501412740098861&brandId=faa5587c-4a3c-4348-9839-92758848b61a,,,,,,,,
80,C,Sarah Mitchell,Saffron gummies (persona page → Saphire),trysaphire.com,161,631,732,Overcoming the 'daily battle' of parenting a child with ADHD symptoms,135,Anonymous advertiser,https://app.heyparker.ai/dashboard/ad-library?adId=1497638271902611&brandId=faa5587c-4a3c-4348-9839-92758848b61a,,,,,,,,
81,C,Ancient Remedies,Book/supplements,shop.ancientremedies.com,152,4580,376144,Challenge common habits: Questioning how people usually consume cinnamon to pique curiosity.,92,Large DR operation,https://app.heyparker.ai/dashboard/ad-library?adId=26635574939450194&brandId=faa5587c-4a3c-4348-9839-92758848b61a,,,,,,,,
82,C,Senior Health Insider,Footwear advertorial (persona page → trybronoir),trybronoir.com,143,829,10952,Scarcity and FOMO: Highlighting previous stock-outs to drive immediate action.,70,Anonymous advertiser,https://app.heyparker.ai/dashboard/ad-library?adId=2255540481904788&brandId=faa5587c-4a3c-4348-9839-92758848b61a,,,,,,,,
83,C,Dr. Anastasia Chamberlen,Menopause (persona page → shopeverly),try.shopeverly.shop,134,723,724,Inventory clearance / Overstock liquidation discount,214,Anonymous advertiser; find operator via landing domain,https://app.heyparker.ai/dashboard/ad-library?adId=1311544704140957&brandId=faa5587c-4a3c-4348-9839-92758848b61a,,,,,,,,
84,C,Ritual,Perimenopause / stress,ritual.com,120,1853,211505,Reframing perimenopause symptoms as a need for physiological support rather than just stress management,64,Big brand,https://app.heyparker.ai/dashboard/ad-library?adId=1052278247526033&brandId=faa5587c-4a3c-4348-9839-92758848b61a,,,,,,,,
85,C,Wellness Tipss,Menopause magnesium advertorial (persona page),spnutrition-us.com,99,303,731,Investigating the origins and foundations of modern medicine,43,Anonymous advertiser (spnutrition-us.com),https://app.heyparker.ai/dashboard/ad-library?adId=1760212971779965&brandId=faa5587c-4a3c-4348-9839-92758848b61a,,,,,,,,
86,C,Longevity Journal,Thyroid/gut advertorial (persona page),thelongevityjournal.org,98,1633,836,Overcoming subclinical hypothyroidism symptoms without changing diet,78,Anonymous advertiser,https://app.heyparker.ai/dashboard/ad-library?adId=1012268721610714&brandId=faa5587c-4a3c-4348-9839-92758848b61a,,,,,,,,
87,C,BioHealth Journal,Arthritis wrap (persona page → kovaria),kovaria.com,91,440,438,"Failed Medical System: Positioning conventional medicine (NSAIDs, surgery) as ineffective or dangerous.",295,Anonymous advertiser,https://app.heyparker.ai/dashboard/ad-library?adId=1258378706100435&brandId=faa5587c-4a3c-4348-9839-92758848b61a,,,,,,,,
88,C,Outback Pain Relief S.A,Pain relief (South Africa),news.outbackpainrelief.co.za,59,153,7363,Relatable pain-point hook acknowledging the frustration of injury,355,Outside US/UK/AU,https://app.heyparker.ai/dashboard/ad-library?adId=1524825955608981&brandId=faa5587c-4a3c-4348-9839-92758848b61a,,,,,,,,
89,C,Qunol,Menopause relief capsules,qunol.com,54,767,308875,Leveraging brand equity to drive trust in a new product category,37,Big CPG,https://app.heyparker.ai/dashboard/ad-library?adId=1771667727507867&brandId=faa5587c-4a3c-4348-9839-92758848b61a,,,,,,,,
90,C,Boll & Branch,Bedding (night sweats angle),bollandbranch.com,54,4320,191020,Highlighting product loft and plushness through visual demonstration,114,Big brand,https://app.heyparker.ai/dashboard/ad-library?adId=982849241312231&brandId=faa5587c-4a3c-4348-9839-92758848b61a,,,,,,,,
91,C,Wendy Harris,Sleep (persona page → Lyra Sleep),lyrasleep.com,38,139,121,Leveraging medical authority and diagnostic shock value,146,Anonymous advertiser,https://app.heyparker.ai/dashboard/ad-library?adId=4511944009028885&brandId=faa5587c-4a3c-4348-9839-92758848b61a,,,,,,,,
92,C,Balanced Body Journal,Lymphatic (persona page → lymphoria.co),lymphoria.co,34,278,2963,Anti-Scam Warning: Educating users on how to spot fake vs. real products on Amazon/eBay.,16,Anonymous advertiser,https://app.heyparker.ai/dashboard/ad-library?adId=1062557116822486&brandId=faa5587c-4a3c-4348-9839-92758848b61a,,,,,,,,
93,C,DrKellyann,Bone broth / cleanse,drkellyann.com,34,2314,211095,Convenience of pre-portioned kits,19,Larger personality brand,https://app.heyparker.ai/dashboard/ad-library?adId=2346037422599310&brandId=faa5587c-4a3c-4348-9839-92758848b61a,,,,,,,,
94,C,Prolon,Fasting kit,prolonlife.com,25,1802,123194,Biological fasting mimicry through specific macronutrient ratios,80,Larger,https://app.heyparker.ai/dashboard/ad-library?adId=1315725224108917&brandId=faa5587c-4a3c-4348-9839-92758848b61a,,,,,,,,
95,C,The Blood Pressure Journal,Amla advertorial (persona page → auniva),auniva.co,13,1666,3066,Warmth and comfort as a refuge from the winter cold,3,Anonymous advertiser,https://app.heyparker.ai/dashboard/ad-library?adId=1481068764070308&brandId=faa5587c-4a3c-4348-9839-92758848b61a,,,,,,,,
96,C,Arthritis Support Community,Amla advertorial (persona page → alevia),alevia.com,12,964,882,High-yield container gardening for small spaces like decks or balconies,95,Anonymous advertiser,https://app.heyparker.ai/dashboard/ad-library?adId=1519859539607625&brandId=faa5587c-4a3c-4348-9839-92758848b61a,,,,,,,,
97,C,Kaori (Patti Clayton page),Body odour soap (persona page),try-kaori.com,10,33,28,The peacefulness of a secluded lakeside cabin retreat,144,Anonymous advertiser (try-kaori.com),https://app.heyparker.ai/dashboard/ad-library?adId=967019179392643&brandId=faa5587c-4a3c-4348-9839-92758848b61a,,,,,,,,
98,C,IM8 Global,Supplements (menopause page),im8health.com,9,140,2634,Identifying the hidden connection between hormonal changes and digestive issues,34,"Big, celebrity-backed",https://app.heyparker.ai/dashboard/ad-library?adId=2525834914560399&brandId=faa5587c-4a3c-4348-9839-92758848b61a,,,,,,,,
99,C,Dr. Andy Salazar - MD (Magnesium Freeze / Morning Vitality),Magnesium (persona page),health.morningvitality.com,6,195,652,"Rejection of traditional 'Big Pharma' treatments (cortisone, ibuprofen)",95,Anonymous advertiser,https://app.heyparker.ai/dashboard/ad-library?adId=993503956846520&brandId=faa5587c-4a3c-4348-9839-92758848b61a,,,,,,,,
100,C,Biote,HRT clinic network,biote.com,5,34,64759,Self-worth and empowerment ('You Deserve'),507,Medical; not DTC,https://app.heyparker.ai/dashboard/ad-library?adId=624161404002684&brandId=faa5587c-4a3c-4348-9839-92758848b61a,,,,,,,,
