priority,market,company,founder_or_lead,url,offer_notes,funnel_evidence,why_fit,verify_next,status,notes
A,UK property,Adam Vickers - Personal Property Mentor,Adam Vickers,https://www.adamvickers.co.uk/,"12-month mentoring: 1:1 + small group; BTL/HMO/SA/commercial/development","""Book a Discovery Call""; initial call + face-to-face before acceptance",Founder-led high-ticket mentorship sold on a call; same market as Richard,Meta Ad Library; opt in; check price,,
A,UK property,The Good Property Company,Susannah Cole,https://www.thegoodpropertycompany.co.uk/mentoring,"6-month mentoring, 12 sessions, £5,000 + VAT; scarcity (""4 of 10 places"")",Book a consultation call,Published high ticket + call funnel; small team,Ads? list size? opt in,,
A,UK property,Miller Hudson,Miller Hudson,https://learnwithmillerhudson.com/,16-week 1:1 programme after free training video,"Free training → ""apply for a strategy call"" (serious applicants only)",Classic ads → VSL → application funnel,Meta Ad Library; opt in to free training,,
A,UK property,Jordan L Jones Ltd,Jordan L Jones,https://go.jordanljones.co.uk/,"Mentorship: rent-to-rent, deal sourcing, SA, renovations",go. subdomain = ad funnel; Trustpilot reviews from Feb 2026 = currently selling,Young founder-led brand actively running a funnel,Ad Library; opt in; check email sequence,,
A,UK property,Property Investments Blueprint,Rahim (per reviews; verify),https://property-investments-blueprint.co.uk/,Training events + mentorship,~90 Trustpilot reviews mentioning events/mentoring,Event + mentorship model = long nurture where email matters,Confirm founder; Ad Library; opt in,,
A,UK property,new2property,Dan Coachafer,https://new2property.co.uk/,"1-2-1 BTL mentorship, online course, workshops",4.8 Trustpilot (55) but 0 reviews in last 12 months = possible stall,Stalled growth → strong reactivation-pilot angle,Ad Library; is it still selling?,,
A,UK property,WiseOwl Property Training,David Tarn,https://wiseowlpropertytraining.co.uk/mentorship,Flagship 1:1 property mentorship,Mentorship page (check CTA),Founder-led 1:1 high-ticket,Check CTA + ads,,
A,UK property,Evolve Property Network,(verify),https://evolvepropertynetwork.co.uk/,"Mentorship programmes, workshops, Skool community, VIP investor days",Free Skool → VIP → mentorship ladder,Big free community = big unbooked list to monetise,Ad Library; how they move members to calls,,
A,UK property,JO Properties,(verify),https://jopropertiesltd.co.uk/mentorship/,"6-week cohort + 90-day 1:1 roadmap, BRRR + sourcing",Discovery call booking,Cohort model needs a steady flow of booked calls,Ads + price,,
A,UK property,HMO Premier,(verify),https://hmopremier.co.uk/investor-mentoring,HMO mentorship + power team,Free discovery call,HMO buyers need capital → filtering on capital matters,Ads + list,,
A,UK property,MS7,Marco,https://ms7.uk/project/coaching-mentoring/,Annual mentorship for new/early investors; 30-day refund,Coaching page (check CTA),Founder-led mentorship,Ads + CTA,,
A,UK property,Property Master Academy,(verify),https://propertymasteracademy.co.uk/rent-to-rent-mentorship/,"3-month rent-to-rent mentorship, weekly live calls",Free masterclass → mentorship,Webinar → call funnel,Is a call involved? Ads?,,
A,UK property,Dean Frost Coaching,Dean Frost,https://deanfrost.com/,Rent-to-rent Airbnb/SA mentorship,4.6 Trustpilot (20),Founder-led SA mentorship,Confirm UK vs US; ads; CTA,,
A,UK property,The Deal Packaging Network,Sam (verify),https://tdpn.co.uk/,Deal sourcing / packaging mentorship,Trustpilot reviews mention mentorship,Deal-sourcing education is popular in UK ads,Founder name; ads; CTA,,
B,UK property,Property Investors Network - Property Mastermind,Simon Zutshi,https://propertyinvestorsnetwork.co.uk/property-mastermind-programme/,12-month mastermind; next cohort Oct 2026; priced high,"""Book a call with our team""",Large and established; may have an in-house team; reach for later,Who runs email? Opt in,,
B,UK property,propertyCEO,Ritchie Clapson & Ian Child,https://propertyceo.co.uk/,Premium small-scale development training,Exhibits at business shows; check CTA,Premium brand with high ticket,Likely has a team; check email quality,,
B,UK property,Pass The Property,(directors),https://passtheproperty.co.uk/mentorship-program/,SA mentorship from a ~300-unit operator,"Time-limited mentorship (page may be old)",Operator-led education,Is the mentorship still live?,,
B,UK property,Hass Homes,(verify),https://www.hasshomes.co.uk/propertymentoringprogram,"1:1 mentoring: R2R, SA, HMO",Mentoring page,Small founder-led,Ads + CTA,,
B,UK property,Property Foundations Group,(verify),https://www.propertyfoundationsgroup.co.uk/property-mentoring-program,Coaching up to HMOs,Initial call + face-to-face before acceptance,Call-based sale,Ads,,
B,UK property,Learn All About Property,(verify),https://learnallaboutproperty.co.uk/property-training-courses/personal-coaching-mentoring/,12-week 1:1; refund if no purchase in 6 months,Call to agree price,Call-based sale,Ads,,
B,UK property,Solution Property,Wendy,https://solutionproperty.co.uk/coaching-and-mentoring/,"1:1 coaching: HMO, flips, conversions",Free 30-min consultation,Call-based sale,Ticket size? ads?,,
B,UK property,Silkwood Properties,(verify),https://www.silkwoodproperties.co.uk/services,Coaching on finding investors / BRRR,Free 15-min Zoom,Smaller; may be too small,Revenue signals,,
B,UK property,Assets For Life,(verify),https://assetsforlife.co.uk/rent-to-rent-courses/,"CPD-accredited R2R/SA/HMO training, 100+ free events a year",Free events → paid,Event funnel = big list,Is there a call step? Ads?,,
B,UK property,Property Sharks Academy,(verify),https://propertysharksacademy.com/,UK Airbnb / rent-to-SA course + mentorship,7-day trial,May be lower ticket,Ticket + call step,,
B,UK property,Why Property Works,(verify),https://www.freeindex.co.uk/profile(why-property-works)_411292.htm,"Mentoring with a ""paid on results"" element",Directory profile,Performance-minded → may like a performance deal,Find main site,,
B,UK property,Property Hussle,(verify),https://propertyhussle.com/,Property education,Only 5 Trustpilot reviews,Early stage,Is it high ticket?,,
B,UK property,Freeman Richards,(verify),https://freemanrichards.com/,Property education / investment,Trustpilot presence,Unknown,Is it education or an agency?,,
B,UK property,Real Estate Campus,(verify),https://realestatecampus.co.uk/serviced-accommodation/,SA package with 6 months coaching,Course + coaching,Possible fit,CTA + ads,,
A,US land,The Land Geek,Mark Podolsky,https://www.thelandgeek.com/book-your-call/,Land investing coaching,Dedicated book-your-call page,Big list + call funnel; larger team (B+),Ad Library; who owns email,,
A,US land,Learn Land,(verify),https://learn.land/,Land investing programme,"""Book a 1:1 strategy call""",Call funnel,Ads + price,,
A,US land,Land Academy,Steven Jack Butala & Jill DeWit,https://landacademy.com/,Land flipping training,Free coaching call CTA,Established brand with a call CTA,Ads + team size,,
A,US land,Landflippinglive,(verify),https://www.landflippinglive.com/coaching/apply.php,Small-group cohorts + 6-week intensive + CRM,Application + free 20-min strategy consult,Application funnel,Ads,,
A,US land,Land Investor,(verify),https://landinvestor.co/,Land programme for serious investors,Free 90-day game-plan call,Call funnel,Ads + price,,
A,US land,Land Investing Online,(verify),https://landinvestingonline.com/products/90day-coaching,"90-day 1:1 coaching $7,500 + $99/mo",Product page (check CTA),Published high ticket,Ads + CTA,,
B,US land,Land Investing Mastery,Travis King,https://www.landinvestingmastery.com/,Land Boss group coaching,Registration page,Founder-led,Ticket + CTA,,
B,US land,Land Profit Generator,(verify),https://www.landprofitgenerator.com/land-coaching/,Land coaching with AI angle,Coaching page,Possible fit,CTA + ads,,
A,US STR,The Real Estate Robinsons - Alpha Host,Tony & Sara Robinson,https://therealestaterobinsons.com/alphahost/,Airbnb mentorship (buy + operate STRs),"""Book a free call with our team""; no public price",Founder-led couple brand with a call funnel,Ad Library; opt in,,
A,US STR,STR Secrets,(verify),https://www.strsecrets.com/,STR coaching programmes,Coaching programmes page,Call-based coaching,CTA + ads,,
A,US STR,Short Term Gems - Luxury Rental Academy,(verify),https://www.shorttermgems.com/join,Luxury STR/MTR investing coaching,Join page,Affluent buyer = ideal lead quality,CTA + price,,
B,US STR,BnB Investor Academy,(verify),https://bnbinvestoracademy.com/,STR investing course + 1:1 deal help,247 Trustpilot reviews,Volume business,Is there a high-ticket call tier?,,
B,US STR,Investarters,Antonio Cucciniello,https://mentoring.investarters.com/,"""Buy your first investment property in 3 months"" mentorship",Mentoring subdomain = funnel,Founder-led,CTA + ads,,
B,US STR,BnB Formula,Brian Page,https://bnbformula.com/ (verify URL),3–6 month coaching (rental arbitrage),Coaching,Larger brand,Team size,,
B,US STR,Brittany Wenninger - Airbnb Roadmap Accelerator,Brittany Wenninger,https://brittany-wenninger.mykajabi.com/mentorship_program,"Mentorship tier, 3 or 6 months",20-min intro call,Small; ticket may be lower,Ticket,,
A,US creative finance,Creative Finance Playbook,Jenn & Joe,https://creativefinanceplaybook.com/coaching,"12-month group coaching: subject-to, lease options, seller finance",Coaching page,Founder-led couple brand,CTA + ads,,
A,US creative finance,Investor Creator,Brad Smotherman,https://bradsmotherman.com/,"Owner-financed notes / creative finance mentorship",Trustpilot + PR in Jan 2026 = actively marketing,Founder-led and pushing PR,Ad Library; CTA,,
B,US creative finance,Sub2Empire Creative Finance Academy,(verify),https://sub2empire.com/creative-finance-academy-offer,$195/mo subscription,Request information,Low-ticket front end; check for a high-ticket tier,Backend offer?,,
B,US wholesaling,Juan The REI Guy,Juan,https://juanthereiguy.com/,1:1 wholesale/virtual wholesale mentorship,Mentorship site,Founder-led,Ticket + ads,,
B,US wholesaling,Real Estate Skills - Pro Wholesaler VIP,Alex Martinez,https://www.realestateskills.com/pro-wholesaler,VIP coaching + 6-week programme,VIP page,Larger brand with a big YouTube audience,Team size,,
B,US multifamily,Think Multifamily,(verify),https://thinkmultifamily.com/coaching,"10-week coaching; Family Syndication Group (high tier)","""Step 1: Book a Free Discovery Call""",Very clear call funnel,Ads + team,,
B,US multifamily,MIH Mastermind,(verify),https://mihmastermind.com/multifamily-mastermind/,Multifamily mastermind,1:1 strategy call,Call funnel,Ads,,
B,US multifamily,Multifamily Coaching Program,Cameron,https://www.multifamilycoachingprogram.com/,Weekly Zoom coaching,Coaching site,Small founder-led,Ticket,,
C,US multifamily,Rod Khleif - Warrior Program,Rod Khleif,https://rodkhleif.com/rod-khleif-coaching-program/,2-year mentorship,Free strategy call,Big brand with an in-house team (long shot),Later,,
C,US multifamily,Jake & Gino - Wheelbarrow Profits,Jake & Gino,https://jakeandgino.com/apply/,Flagship coaching,Apply page,Big brand (long shot),Later,,
B,Business acquisition,Business Acquisition Mastery,(verify),https://learn.businessacquisitionmastery.com/buyerapplication-6589,8-week coaching to LOI in 90 days,Buyer application + advisor call,Expansion lane: capital-ready buyers,Ads,,
B,Business acquisition,SMBootcamp,(verify),https://www.smbootcamp.co/accelerated-success,"$447 course → $7,500 Accelerated Success 1:1",Tiered ladder,Expansion lane,Is there a call step for the $7.5k tier?,,
C,Business acquisition,Acquira,(verify),https://acquira.com/accelerator/,Acquisition in a Box accelerator,Accelerator page,Larger,Later,,
