audit_order,tier,brand,site,category,ads_in_parker_search_30d,total_ads_seen,fb_page_likes,sample_ad (angle | days running),decision_maker_lead,parker_ad_link,status,notes
1,A,BioRoot Labs,https://biorootlabs.com,Joint pain / turmeric,250,3310,20k,"Ex-pharma insider 'the truth' video | 402 days (long-running winner)",Not found publicly: LinkedIn search,https://app.heyparker.ai/dashboard/ad-library?adId=765739566172070&brandId=faa5587c-4a3c-4348-9839-92758848b61a,,
2,A,Nuora (runs ads via 'Alicia Darling' creator page),https://mynuora.com,Gut / menopause bloat,238,1513,30k,"'This fixed my bloat': diets fail menopausal women because the root cause is biological | 223 days",Not found publicly: LinkedIn search,https://app.heyparker.ai/dashboard/ad-library?adId=880104018170915&brandId=faa5587c-4a3c-4348-9839-92758848b61a,,
3,A,Halsten,https://tryhalsten.com,Menopause / joint (hip pain),137,552,1.3k,"'Say goodbye to hip pain?' static | 214 days",Not found publicly: LinkedIn search,https://app.heyparker.ai/dashboard/ad-library?adId=1872170086772938&brandId=faa5587c-4a3c-4348-9839-92758848b61a,,Small page + heavy testing = needs creative volume
4,A,Dr. Anna Cabeca / Velve,https://www.shopvelve.com,Menopause / vaginal dryness,108,604,102k,"OB/GYN expert-led relief video | 123 days",Dr. Anna Cabeca (founder; verify who runs marketing),https://app.heyparker.ai/dashboard/ad-library?adId=1338758491772271&brandId=faa5587c-4a3c-4348-9839-92758848b61a,,Doctor-led brand
5,A,Organics Ocean,https://organicsocean.com,D3/K2 / multi-benefit,196,712,34k,"'Energy. Mood. Bones. Sleep.' static | 121 days",Not found publicly: LinkedIn search,https://app.heyparker.ai/dashboard/ad-library?adId=1308734008067630&brandId=faa5587c-4a3c-4348-9839-92758848b61a,,
6,A,Rheal Superfoods (UK),https://rhealsuperfoods.com,Cortisol / women's balance,379,1967,98k,"'Cortisol burnout starter pack' static | 36 days",Charlotte & Sean Ali (founders); Max Greenwood (CEO),https://app.heyparker.ai/dashboard/ad-library?adId=1784135909455057&brandId=faa5587c-4a3c-4348-9839-92758848b61a,,UK brand; Dragons' Den alumni
7,A,PuraU (AU),https://www.purau.com.au,Gut fibre,339,1744,11k,"'Wet cement' metaphor: fear of the wrong fibre | 91 days",Not found publicly: LinkedIn / ASIC search,https://app.heyparker.ai/dashboard/ad-library?adId=1728803511691565&brandId=faa5587c-4a3c-4348-9839-92758848b61a,,Strong mechanism-style creative
8,A,Sleepwhale,https://sleepwhale.com,Sleep drops,233,268,8k,"'Deep sleep without wake-ups' video | 98 days; uses a listicle landing page",Not found (SoCal company; Efforia Inc. sponsors its study),https://app.heyparker.ai/dashboard/ad-library?adId=1004021842518588&brandId=faa5587c-4a3c-4348-9839-92758848b61a,,
9,A,Her Vitality,https://hervitality.co,Menopause / vaginal health,142,366,1.6k,"Product comparison static | 45 days",Not found publicly: LinkedIn search,https://app.heyparker.ai/dashboard/ad-library?adId=926990666551993&brandId=faa5587c-4a3c-4348-9839-92758848b61a,,Small page + heavy testing
10,A,The BB Company (Provitalize + Radiancy pages),https://thebbco.com,Menopause probiotic,"164 (+701 via Radiancy page)",221,22k,"Scarcity offer static | 11 days; listicle landing pages",Not found publicly: LinkedIn search,https://app.heyparker.ai/dashboard/ad-library?adId=1463703202355984&brandId=faa5587c-4a3c-4348-9839-92758848b61a,,Very high volume; check that claims are compliant
11,A,Serene Herbs,https://sereneherbs.com,Herbal bitters,275,1328,3k,"Apology/confession hook video | 41 days",Not found publicly: LinkedIn search,https://app.heyparker.ai/dashboard/ad-library?adId=1614547793608146&brandId=faa5587c-4a3c-4348-9839-92758848b61a,,
12,A,8hours,https://www.8-hours.com,Sleep recovery,465,2195,<1k,"Ingredient-stack explainer video | 41 days",Not found publicly: LinkedIn search,https://app.heyparker.ai/dashboard/ad-library?adId=1557791349144802&brandId=faa5587c-4a3c-4348-9839-92758848b61a,,
13,A,Nectar (drinknectar.co),https://drinknectar.co,Cortisol / calm,671,792,4k,"Root-cause education: 'no morning appetite' = high cortisol | 8 days",Not found publicly: LinkedIn search,https://app.heyparker.ai/dashboard/ad-library?adId=1460412642604500&brandId=faa5587c-4a3c-4348-9839-92758848b61a,,Launching lots of new ads right now
14,A,"Osteva (Rejuveen Pte. Ltd., Singapore)",https://rejuveen.com,Bone / menopause tendon pain,731,3492,4k,"'Only formula built for menopause tendon pain' static | 32 days; '6 side effects' advertorial",Not found: check Singapore ACRA registry,https://app.heyparker.ai/dashboard/ad-library?adId=1988900935155370&brandId=faa5587c-4a3c-4348-9839-92758848b61a,,Aggressive DR operator
15,B,Womaness,https://womaness.com,Menopause wellness,74,313,22k,"Board-certified OB-GYN endorsement video | 111 days",Sally Mueller (co-founder & CEO); Michelle Jacobs (co-founder & COO),https://app.heyparker.ai/dashboard/ad-library?adId=1558390525918206&brandId=faa5587c-4a3c-4348-9839-92758848b61a,,In retail (Target/Ulta)
16,B,Joylux (vFit),https://joylux.com,Women's intimate health device,96,205,21k,"Halle Berry / Respin testimonial video | 78 days",Colette Courtion (founder & CEO),https://app.heyparker.ai/dashboard/ad-library?adId=1359972276328289&brandId=faa5587c-4a3c-4348-9839-92758848b61a,,VC-funded
17,B,Supergut,https://supergut.com,Fibre / blood sugar / GLP-1,46,869,13k,"'Before your coffee, do this' blood-sugar video | 79 days",Marc Washington (founder; reportedly now exec chairman); Tracey Warner Halama (reported new CEO; verify),https://app.heyparker.ai/dashboard/ad-library?adId=1015264524651753&brandId=faa5587c-4a3c-4348-9839-92758848b61a,,Recently raised growth capital
18,B,Black Girl Vitamins,https://blackgirlvitamins.co,Gut / women's vitamins,269,3263,204k,"'Tired of being constipated?' static | 120 days",Maxine Ugwu & Nnamdi Ugwu (co-founders),https://app.heyparker.ai/dashboard/ad-library?adId=4443528155916706&brandId=faa5587c-4a3c-4348-9839-92758848b61a,,
19,B,Bioma.Health,https://bioma.health,Gut / weight,274,3532,334k,"'Back to your 20s size' quiz-funnel video | 372 days",Not found publicly: LinkedIn search,https://app.heyparker.ai/dashboard/ad-library?adId=779802551522530&brandId=faa5587c-4a3c-4348-9839-92758848b61a,,Larger; likely has an agency (pitch the agency too)
20,B,Clevr Blends,https://clevrblends.com,Adaptogen lattes / sleep,224,1078,12k,"Sample landing page /pages/epdp-2",Not found publicly: LinkedIn search,https://app.heyparker.ai/dashboard/ad-library?adId=1642238680752861&brandId=faa5587c-4a3c-4348-9839-92758848b61a,,
